"f_name","l_name","email","phone","address","birth_date","country"
"Kirsten","Baker","k.baker@randatmail.com","343-4433-29","ao00lfud","44234338","aoubxid"
"Richard","Moore","r.moore@randatmail.com","307-8397-84","w52z93xs","18019861","beomevr"
"Joyce","Ross","j.ross@randatmail.com","111-3390-86","5q6omafu","80049382","bbpmcij"
"Rosie","Miller","r.miller@randatmail.com","046-6784-75","bqvmqsxx","73032090","nsqwjgf"
"Henry","Ross","h.ross@randatmail.com","954-5497-64","k93yt8ux","17947877","hsgexze"
"Carina","Robinson","c.robinson@randatmail.com","060-4978-93","9xzx9uj2","84437033","unqokps"
"Jordan","Stevens","j.stevens@randatmail.com","392-7426-84","89keg7md","60763186","ruzsdht"
"Anna","Walker","a.walker@randatmail.com","976-0705-36","pfm1pafo","13228132","qtdnjgc"
"Tess","Johnston","t.johnston@randatmail.com","623-2243-49","16kn7h4v","88929144","ziqgbgi"
"Freddie","West","f.west@randatmail.com","969-9453-65","qxr1xgcw","54718148","owcsiqw"
